"","gen.type.eia","fuel","TCR","PowerCapacity","EnergyCapacity","ChargeEfficiency","DischargeEfficiency","VariableCost"
"1","BA","Energy Storage",1,684.009558823529,684.009558823529,0.905538513813742,0.905538513813742,0
"2","PS","Pumped Storage",3,1070,8560,0.888819441731559,0.888819441731559,0
"3","PS","Pumped Storage",1,720,5760,0.888819441731559,0.888819441731559,0
"4","BA","Energy Storage",5,65.8714906417112,65.8714906417112,0.905538513813742,0.905538513813742,0
"5","BA","Energy Storage",4,221.855180481283,229.759759358289,0.905538513813742,0.905538513813742,0
"6","PS","Pumped Storage",5,3003,24024,0.888819441731559,0.888819441731559,0
"7","PS","Pumped Storage",4,420,3360,0.888819441731559,0.888819441731559,0
