year,wind_mw,wind_mw_adjusted
2019,8691.9,10600
2020,9150.9,11159.76254
2021,9899.9,12073.18768
2022,10648.9,12986.61282
2023,11397.9,13900.03797
2024,12146.9,14813.46311
2025,12895.9,15726.88825
2026,13644.9,16640.3134
2027,14393.9,17553.73854
2028,15142.9,18467.16368
2029,15891.9,19380.58882
2030,16640.9,20294.01397
2031,17389.9,21207.43911
2032,18138.9,22120.86425
2033,18887.9,23034.2894
2034,19636.9,23947.71454
2035,20385.9,24861.13968
